feature_0,feature_1,tag
0.46661789679484156,3.8657130258372034,0.0
2.8438280686964625,3.326509447571979,0.0
0.6112148620002373,2.512459779407206,0.0
3.816533648852741,1.6517593235941797,1.0
1.2809724409460734,0.6282738814866966,1.0
0.9885020621853124,5.8730469419842946,0.0
1.0509448092182645,-0.10052806829392724,1.0
0.9146436764508477,4.196482051157215,0.0
0.8778175541210628,3.6403090410862826,0.0
0.9133661022290314,-0.4133067105032755,1.0
0.8903393115748823,4.498080265494162,0.0
3.0943639618112706,1.3767588840361653,1.0
1.2824956384546757,1.7797202593009476,1.0
2.614566502823762,-0.16603193108761105,1.0
-0.9694330046174637,3.391003833313098,0.0
-0.07228288652059756,2.883769390269415,0.0
4.506497240507954,0.6864576763064169,1.0
0.5070131985838355,1.4296382989451282,1.0
3.1725728369695423,0.37876345551308477,1.0
1.7287065437536702,0.8894537776683228,1.0
1.4244653629698076,5.999968900276551,0.0
-0.3559415760480067,2.3351626376623695,0.0
1.040441613698437,0.2953318063550747,1.0
1.2934307048391838,4.823827942019258,0.0
0.34818251890491614,3.822760208987602,0.0
1.0981094231574677,1.9116358140500982,1.0
0.1587769809302686,2.9024400344090795,0.0
0.23151525649805516,3.4773487887893757,0.0
0.8433895009595395,4.005996448046662,0.0
1.160195572886805,3.9182975670727815,0.0
2.732824555020595,2.2048475050191945,1.0
1.7110710649654968,0.6449529878963302,1.0
0.37895400958113235,4.065865597712383,0.0
0.9848979774640714,4.8307915359030495,0.0
1.7316657742098334,5.171194738803308,0.0
-0.3034190946577444,3.7183561231706173,0.0
0.7778711817264493,4.397979627758536,0.0
3.3350795420608996,0.01169717789698399,1.0
0.5768210492836199,4.673843215295909,0.0
2.2833208465569452,1.0991436066423697,1.0
2.9790640817468246,0.7650956452842188,1.0
0.2566656899947022,3.490794338894313,0.0
0.5126741039004008,4.785268801221852,0.0
3.445801488506816,-0.7436849488850923,1.0
2.248131476983264,-0.259353620877931,1.0
1.9520547699711703,-0.15372673872212772,1.0
2.659404261875562,-0.7319199428105014,1.0
1.2987739925521296,1.199177717334703,1.0
0.163123796502041,2.577504725116713,0.0
2.265116999355933,-0.34296093961829066,1.0
0.8602807161642176,0.3972539926336729,1.0
2.20270192308385,-0.07980121730793233,1.0
2.0059434512853054,1.1366972611847017,1.0
2.1048641430610635,4.799788273792352,0.0
3.4477859708671503,1.9352493269885709,1.0
-0.9600097273000119,4.492565924242219,0.0
1.8452335654432903,4.580659233294518,0.0
2.1868414893409467,-0.507896387453953,1.0
3.616547120388685,-0.04260657601926798,1.0
1.5265968624973894,0.7896598231569789,1.0
1.2158528384028864,3.9339861611445865,0.0
1.9081184526607986,4.643752311249652,0.0
2.1004333773717088,2.7570099937895653,1.0
1.4995467390782489,4.132240996226142,0.0
0.9977938736313479,0.34167862805896954,1.0
1.1401986509990816,4.400108683369587,0.0
2.0953389779806533,0.5699087426415201,1.0
0.2982442969820447,5.601633118099489,0.0
2.20993635507921,1.9392320487565187,1.0
2.9057982049563162,0.058539469338663164,1.0
0.6822249704819827,-0.17007835108116964,1.0
1.2001136418594058,4.633410309576128,0.0
2.122759778673685,0.9140017440508293,1.0
2.0069228976530584,0.2895624029862469,1.0
2.080653125839337,1.5080554242433495,1.0
1.2730032510406084,5.133773486529493,0.0
2.4703491517041014,4.098629063682589,0.0
-1.6829021594502458,4.910106851807771,0.0
1.306846834820869,5.253033801006626,0.0
0.8425685188780558,5.3815311334246525,0.0
0.34194798486553146,3.941046161461252,0.0
0.5353474462539036,4.023431832263881,0.0
2.010679965028013,3.3075746870773237,0.0
2.715142756001006,5.298181718763889,0.0
2.5215575649830675,2.61249526861398,1.0
2.1536454282483537,1.2790799141471076,1.0
1.619584543609423,2.7331639188149373,0.0
2.1970741605863324,2.7310990217536153,1.0
2.548911608957742,1.3846789859183164,1.0
-0.4686701205268766,3.093244333325038,0.0
1.7544836449568508,0.23705506596094483,1.0
3.139506027827185,5.640315276884782,0.0
1.0068719028850128,4.2341457490014545,0.0
1.6993705722842933,4.328399452696302,0.0
1.7480606297601624,5.127291481412121,0.0
2.1229017514997977,0.4346419058288859,1.0
0.7082667075951147,5.106243723244785,0.0
0.3320392707165549,2.6952030470638415,1.0
0.23670708215518177,5.846801922855126,0.0
0.5723841638588354,-0.4117484863930774,1.0
-1.2792941508556943,3.2812804838127865,0.0
2.0933949055278127,1.4103811834103355,1.0
1.8331006904491862,3.652761734148243,0.0
-0.09448254296404746,5.358239054379527,0.0
-0.07835838543851881,5.124035164773071,0.0
-0.975534022935107,3.643895597718892,0.0
0.5516067761136294,3.4738227299104283,0.0
3.1002908969355687,1.496703186314121,1.0
1.616401604644087,2.686831283137556,0.0
1.6540328115216956,0.09758118385333558,1.0
-0.8479865773913349,4.607391231910391,0.0
1.9270255474051758,0.6258920934472402,1.0
0.22523897100506773,0.2018285405883895,1.0
1.742933260191581,4.660080144920679,0.0
0.5411165268248577,6.153051055927731,0.0
3.325032271747182,0.18780947779183288,1.0
1.274508252752551,5.6301732241354205,0.0
1.2507864362704346,3.412872244452862,0.0
2.3743859215191603,1.2049284404435279,1.0
4.7358383622018785,0.6968551459422713,1.0
1.7730716447424428,-0.26053952524609203,1.0
0.8452160670050828,5.436867207008111,0.0
1.0220285958479411,4.116603477422556,0.0
2.3776149098384547,3.8934055337905193,0.0
1.913012542081752,5.716115033485833,0.0
0.5740215592355795,-0.3748944750943801,1.0
-0.7922683721305357,4.659269120192159,0.0
5.226242294723058,1.0871632974858503,1.0
1.3063051930568066,6.529731659186648,0.0
1.2561946775897332,4.205636937805432,0.0
2.4456324649415,2.4861943510354694,1.0
0.6070882406040514,4.064408149872464,0.0
1.9256908854722559,4.391338568833581,0.0
-0.3579883928562584,2.9570698216508347,0.0
4.376067360713176,1.0147545320933788,1.0
-0.7220916239945554,2.049397634718736,1.0
2.4109710371568625,0.4203773895347075,1.0
1.9562592101488006,-0.15299017664955272,1.0
2.93199429512333,-0.9292477183665808,1.0
0.42196045197519416,3.8331496692935985,0.0
0.04352916775211724,3.0407189783461144,0.0
-0.3396373319650261,3.8422027226336812,0.0
-0.05978849375492956,2.303029098662357,1.0
2.0654530401449516,3.0959599986084294,1.0
2.6546368939551748,0.6413467662482941,1.0
-0.06898328760045969,5.514932617131091,0.0
3.095353766486581,1.0623074694643344,1.0
2.8302907846570484,1.3305012814379307,1.0
2.4443614902985984,2.068704724558425,1.0
1.762598040655471,3.837368230712447,0.0
1.723458412751127,3.114842372244654,0.0
1.923522046320243,4.1487772343575555,0.0
2.5160618491341333,0.4966775020415358,1.0
2.3395820404308223,1.3130642861090638,1.0
2.624405010754055,4.468015082935724,0.0
0.20635400410117866,4.843036518740207,0.0
0.21056788406840876,4.859574291531263,0.0
2.3746993547644086,0.7598844456521662,1.0
0.2578117170659804,-0.16576927821666998,1.0
1.4173029858196464,4.48258019318157,0.0
2.470754623037864,2.2338023024348574,0.0
-0.15055573021024848,3.5731095745835653,0.0
1.6015015295736825,2.701729671841642,0.0
-0.17991235327541766,5.084985429158383,0.0
1.5326481050343999,1.9406412545843128,1.0
4.675841367451117,0.15019048187255746,1.0
0.8657294213140224,5.32396003916419,0.0
0.528104715865787,3.654449399718002,0.0
-0.10280104252837896,2.2162146780287735,1.0
1.646840528857405,3.5962816299378133,0.0
1.852102840133826,4.188679858961163,0.0
0.39109453626670443,0.771094328298547,1.0
2.6579751778622076,0.30301389021753145,1.0
2.0219482385877248,-0.6331398374615558,1.0
0.7856165849650957,3.9089378134149397,0.0
1.749314946334486,0.4591892019033308,1.0
-1.393316826680108,5.167839627946038,0.0
-0.6066683187885868,4.914166706555595,0.0
0.30854979218709566,4.630749922852847,0.0
0.8403203778681743,5.440678690051085,0.0
1.7231652440840528,0.17623236436618106,1.0
0.8581060334179254,3.6236091234515397,0.0
1.918738197766889,4.036192581213042,0.0
0.04338720218816894,1.4873672655126606,1.0
0.700599543985938,3.5940593616015017,0.0
3.9603311619928956,0.882886440278092,1.0
0.9216746957944191,1.8944233027577524,1.0
2.9894472699326027,-0.49384160946628275,1.0
0.40695802507630996,4.573691682389152,0.0
0.7068544336767579,2.162646989794193,1.0
0.07886915164466457,5.616257694589386,0.0
1.7165853359874803,2.9324262039590905,1.0
3.6733217904331035,0.07325453861010223,1.0
0.6748367691256087,0.36174909827177504,1.0
0.5810410958921407,3.144366811048477,0.0
1.0783721346975528,0.3080837373927212,1.0
2.456153200536999,0.8880064234050284,1.0
2.6983220667721706,1.4858885890558735,1.0
3.655535340181637,0.7088288797201531,1.0
1.4973349549992536,3.7279993576353236,0.0
2.4730681046389593,-0.34255267646983345,1.0
2.9913966697439602,1.576043758778407,1.0
1.0914179516865872,3.924639764568467,0.0
0.5730931315733154,5.526232397830817,0.0
2.721234667502416,-1.6368908021462931,1.0
3.363936273785057,0.8718651016834498,1.0
2.7749356919702097,0.6492443532328986,1.0
3.015315262582806,0.48116457750124436,1.0
2.859420775602749,2.9560282663059434,0.0
-0.24166843304665586,3.9988236895939697,0.0
0.45469040055312193,3.119100737036838,0.0
2.7089912654656283,4.988288434307581,0.0
-1.02794563695242,4.680663848299282,0.0
1.401982819504989,0.9761776851121131,1.0
0.9592496646850545,4.682939063003472,0.0
1.7476760272233407,5.333226156231158,0.0
0.7693664023825233,5.183966239529172,0.0
2.1014025803885628,-0.06071082028862462,1.0
0.9209175305241055,4.0398499788557025,0.0
3.4567909374381234,1.0560975067234686,1.0
2.9684694456850558,3.10896799317743,1.0
0.8657806734805672,2.6430875155791265,0.0
1.6700432312366276,4.144213889302123,0.0
0.6300206308991851,3.509151006376891,0.0
-0.27652528150343114,5.0812776832803,0.0
-1.5767197372875836,4.957405922888751,0.0
1.6520792145833445,1.8470691837311555,1.0
1.7993098522186095,0.5496172802953174,1.0
3.351417388960761,1.5141229725640921,1.0
2.8798247409971145,1.4288420264736321,1.0
1.766262310478645,-1.100975815645436,1.0
0.2715698026902613,5.247048052417885,0.0
1.5859567851537713,1.7733593387174436,1.0
2.057646113004685,3.672411338999001,0.0
1.4082139950501187,1.0689072050901494,1.0
2.304052774504478,4.202505841230991,0.0
2.0690160087684117,-0.9470375036901093,1.0
0.6905092913504456,0.8757937511488569,1.0
0.47725344055231217,4.325138551291938,0.0
0.4359075385353355,0.38662319635782705,1.0
1.0871854037683,1.3747317522948022,1.0
1.3326364757208968,5.010360495640338,0.0
1.6527308109081182,3.9217783718705697,0.0
1.0840968566084872,2.323980520724964,1.0
0.38486741073838426,5.428206511958758,0.0
2.201140642740155,4.368643433791966,0.0
2.1378785535890787,0.07612914291840933,1.0
1.5845250232501507,1.170460049468201,1.0
0.5703283513580116,5.028155832318355,0.0
2.2951346273281565,1.05662233406358,1.0
1.2399918602964193,2.698877650746472,1.0
2.1427989923545487,1.836410535620247,1.0
1.0739950462613506,4.8867410072016835,0.0
-0.4456497930939418,6.301743407198394,0.0
0.5889432611385428,4.001484576873055,0.0
0.28897104138983154,4.186312781030279,0.0
1.0121380233975223,0.040585471266772144,1.0
1.402528809324596,4.980695362478635,0.0
-0.7119599492249371,4.191321344888837,0.0
1.2647444995998007,-0.009636461587390177,1.0
1.872362540575927,1.7939120852940962,1.0
1.3753164241866251,1.5311945710217398,0.0
2.652174002680832,-0.08962303351971557,1.0
3.0565985387796077,1.494876164341362,1.0
1.5750254796946546,0.37441271655304176,1.0
0.9866193931127945,5.023821086790043,0.0
2.0447794778625044,3.8504015235970024,0.0
1.05641872533751,0.1575268691984233,1.0
2.498113635179617,1.1160607330678738,1.0
0.3707502660079951,1.7042274278341965,1.0
1.6983959934072794,1.4433209834079643,1.0
0.7424178468830862,2.3125377958603592,1.0
1.0160368131329902,2.7367926165867873,0.0
3.4772430807253425,1.3540270234187222,1.0
0.8461631243527911,4.397740556833959,0.0
2.934657463346248,1.5330881864919323,1.0
2.3858002646677936,0.7523892027331676,1.0
3.4581122615331212,1.23350838134325,1.0
-0.8667994716101535,3.8258133234079033,0.0
1.4287591711861416,4.401683472861017,0.0
1.6671133289506284,0.8377356572668462,1.0
2.932182386797189,4.693880650136316,0.0
1.4302401307482067,0.5072709659524288,1.0
2.7869264484632703,0.8321752847934538,1.0
0.3085573579759361,5.985709067521528,0.0
1.624805609547085,2.047043043305061,1.0
0.622838329789296,2.6873131387973572,0.0
2.2530956892827456,0.9954144623601221,1.0
2.6218128372510905,1.0439681059389812,1.0
2.6237264403571547,0.5648518950857273,1.0
0.759320508609846,4.7491805783431875,0.0
1.218388039531618,3.415067070094759,0.0
0.4966142645385474,4.924145625791903,0.0
3.038903717222057,0.8120487057074397,1.0
2.987526760009632,4.2591919009925325,0.0
3.0240119145440234,0.16730656437997693,1.0
2.8072141091100735,1.4606533785240647,1.0
2.93639861853251,1.9306528544578825,1.0
1.0645965908057287,-0.10500492743185408,1.0
0.8515323292330985,1.3147071629055405,1.0
2.0726169242122934,4.069571526103854,0.0
3.280186776230437,3.2437715047268427,0.0
2.3874421424361065,5.089591154279563,0.0
1.7373078036934886,4.425462343941218,0.0
-0.29421491993923854,5.273184035606401,0.0
0.020325078053718082,3.9578055517490034,0.0
2.5935971247090546,0.7552182424285675,1.0
1.5813901626286617,5.199343312999714,0.0
3.203618102124004,-0.013186717700715667,1.0
0.0884843309163823,2.322990859224463,0.0
2.0394883043118828,0.4059335519244092,1.0
1.176106892597803,0.6665620523449403,1.0
3.397889531943231,0.1577278069726772,1.0
0.6324726128065352,2.819988415382335,1.0
1.552860895161436,4.095488571870395,0.0
0.4727730434511195,3.141265554520577,1.0
-0.37165534408262535,3.5422139391918313,0.0
2.4778478937057606,1.445144232042602,1.0
2.3472590848376162,3.793944085309911,0.0
0.03182382262824468,3.8937376342458414,0.0
2.4693588752264732,0.39042919804301424,1.0
2.3020335454128484,2.4236212208227452,1.0
-0.3835106469573186,4.262386515890422,0.0
1.8855092275303924,0.7635308771695167,1.0
0.7342502486762755,5.822048497804095,0.0
2.0858141024734946,0.8607801290928699,1.0
2.9262293036044973,0.01969304340206668,1.0
1.8992436304355906,1.9467568478579471,1.0
2.2678545678704145,2.4446951569287814,1.0
1.0361647616627712,4.091264282678081,0.0
0.2817022188151296,4.15415278712072,0.0
2.306265637441202,1.9524215851182196,1.0
-0.3302567731888215,5.961918007066578,0.0
1.2846013245058403,2.9257038603843126,0.0
0.06344785310233647,5.4208036155442425,0.0
2.141850701598297,2.316918705848888,1.0
0.3177171117414913,3.789553361508401,0.0
1.2036628536676235,3.2870486788386213,0.0
0.9614123751917923,5.125193264473201,0.0
2.5216470958148567,0.8032711535267518,1.0
3.3229171090730567,3.0246262204201315,0.0
2.054467382260733,1.7446026611042935,0.0
0.9383179676861544,0.8623669203350213,1.0
1.189750127456664,3.0952136737151688,0.0
0.5699669481014324,3.4397423363460202,0.0
0.7567290502152818,3.2197507067764555,0.0
-0.19685332656766485,6.247408513097683,0.0
1.7135894238369973,0.9219545740757172,1.0
1.5232737120217161,-0.05859476249434592,1.0
2.8806397535203927,0.5993404909421032,1.0
1.8920125725996992,0.8112083772268897,1.0
0.6844327157986323,3.5422951156367666,0.0
0.8730512267529372,4.714385829386762,0.0
1.6660882430812833,5.605633557013388,0.0
0.06750683258744195,3.8794697064704886,0.0
1.5881972712776529,2.962290601865347,0.0
1.0619061460097425,2.939735809764891,1.0
1.6011871589172728,0.9836156333723215,1.0
3.570694666314647,3.8997550335974527,0.0
2.2964714856518302,2.025447290065739,1.0
3.8633993320118534,1.33430213456723,1.0
1.6678088296166815,4.998536471104396,0.0
0.3628970839587695,1.627010006218363,1.0
0.773373237779828,4.193904548139076,0.0
2.261958033140881,1.4287061669159966,1.0
1.0237850611176202,-0.5323275987475116,1.0
2.473121224650204,0.857644934586304,1.0
1.6539697162993678,0.58100836488583,1.0
-1.040136549253265,3.7643326940738886,0.0
2.094176227289093,1.5242279106832974,1.0
0.12794955574126254,3.9781178586282158,0.0
0.3249914598827921,1.4864060667454433,1.0
2.128601643329615,5.383405919485211,0.0
0.11729769010215274,3.404845170982854,0.0
2.1227843786072027,1.6752677978408488,1.0
2.157648679834781,3.6718835694432226,0.0
1.5655424990598512,0.6183669906595647,1.0
2.0567385216782887,0.13095880540103655,1.0
2.3615316252687255,4.000689074024317,0.0
2.216826788671046,2.4610684049668663,1.0
1.8469824183378816,2.4720348974135087,1.0
3.1142947758748445,-0.12490073132274881,1.0
0.8719265870518024,3.3157853849546557,0.0
0.42894558360604784,0.7628412088435828,1.0
2.4761858056085346,1.1442658461992712,1.0
0.6998372335306579,4.044210345614351,0.0
2.211743778379177,0.6813196816422107,1.0
2.399253575062601,4.69987391240495,0.0
0.058265308727449616,4.556283954525262,0.0
3.3704051871538505,0.574206187454513,1.0
3.158961478895028,1.298194344536643,1.0
0.8326905668301745,3.9217618784980064,0.0
0.4164602143107001,0.16435085235427116,1.0
3.45981303637259,1.0441044304161866,1.0
2.2625382684064967,1.2053962346173688,1.0
1.2729005545307883,1.522782316371667,1.0
0.5207375750291519,4.321266486473447,0.0
0.25067270008291076,2.9204233720533344,0.0
2.2065607592742156,5.506167176232801,0.0
1.887053298665804,1.2755737616764118,1.0
1.5994421736335092,2.3238224119572033,1.0
0.8186030623826792,6.560510824746599,0.0
2.4908136807285315,0.29843938247821744,1.0
1.331338817374276,-0.22196457374251755,1.0
1.606500508327379,-0.8465240966160184,1.0
2.442848794120673,5.156339266909622,0.0
-1.0544143892349993,6.368280188807709,0.0
-0.17134086629664025,3.9456732519685334,0.0
0.5838810803968584,1.2576442726484633,0.0
1.343814974568764,4.494098885042329,0.0
1.0981200482818612,-0.45076065918376407,1.0
1.3144008172288053,0.2893725098564418,1.0
1.466038534922728,0.4491986537338776,1.0
2.074059313207136,0.30388621215926936,1.0
1.2200748312413947,-0.049076751019252685,1.0
-0.7218357408857594,4.691067802843453,0.0
0.5650021335255797,2.393803296889569,1.0
1.9125798093594129,-0.32997276047247115,1.0
0.9605879669439403,4.464715495746613,0.0
0.21212615464005202,2.8659958536468118,0.0
1.1588977988806977,-1.0650683492028152,1.0
2.75937854357446,-0.5980158563190794,1.0
1.6537099769335344,0.4291876152582137,1.0
2.5894686922786496,1.2155487571761183,1.0
1.6851033569191753,-0.06159173270265139,1.0
1.5547915762753735,4.653441784441564,0.0
-0.7469352769588351,-0.29076076164508247,1.0
1.7495230559490946,3.1199066872550723,0.0
1.0214040939785054,6.643412133468448,0.0
2.514852426266934,1.177721519975617,1.0
1.4743224832293518,4.277595090104139,0.0
1.2161381185906643,1.8877850438171304,1.0
1.8159709302905338,0.6508701021491851,1.0
2.3539811814248868,1.8083093321679071,1.0
4.204842056300165,0.8074198102721862,1.0
1.4394004078651021,4.582883091840843,0.0
0.9176835274126343,3.9862442335181907,0.0
1.1031821712501149,4.705776690893091,0.0
2.102906000653002,3.2238558190849664,0.0
3.2460247025341027,2.8494216528496255,0.0
1.8930490738561871,1.6670938381152407,1.0
0.9530373305257873,0.8731142362955578,1.0
-0.4477908304360365,3.810467444086196,0.0
4.226432470751044,1.5597379489376433,1.0
3.1094454303718004,1.8484973569417364,1.0
1.8953277336758352,0.06570616672081209,1.0
2.864447818286041,-0.30042922025310137,1.0
1.5661498992810146,3.9399285174776,0.0
2.3080710268520326,0.48964895089803995,1.0
-1.2633339801152417,4.705286382538677,0.0
1.776834881977492,4.382047502610051,0.0
0.01576569691334706,3.5106699647407185,0.0
1.626565455847049,0.25982310346435256,1.0
0.1385920366385498,3.71260422368396,0.0
3.076492264600041,1.6063589330483634,1.0
3.0638648082929816,1.4252610427122527,1.0
3.0461766951177234,0.7109545481281576,1.0
1.9066785746576114,4.12847092512137,0.0
0.9340986272559161,4.016900135058482,0.0
3.009457102331643,1.441808412295945,1.0
1.3526956097021245,3.2043865368641953,0.0
0.5370805567443471,4.4851257566662115,0.0
-0.05366520476248149,3.953843962859285,0.0
0.5913902693652195,4.398138916765464,0.0
1.5903494488925753,5.225993999014917,0.0
0.37561252088870656,5.856030507496951,0.0
2.088357272571638,0.043502399123582336,1.0
2.2954069548480707,3.4213685088984715,0.0
2.215928711252651,-0.054981292877450905,1.0
0.33265167571360454,2.0803841752239634,0.0
-0.163532376880279,5.08874484868889,0.0
0.19364092271896993,4.193398028421503,0.0
3.313011738928916,-1.1889713194826057,1.0
3.7245183278098466,1.1996528702954898,1.0
3.022035532599338,1.4057315693294146,1.0
3.172550987121068,-0.6662409749018294,1.0
2.6787211308572605,1.7883353413693315,1.0
0.5456059153645791,0.620272268194827,1.0
3.379626271428717,0.7254628672410542,1.0
0.18398341674035013,3.772181419436935,0.0
1.848322810875587,0.2195681991516899,1.0
3.829926082406211,0.5045104651838239,1.0
2.4034367566746866,1.5609217496171108,1.0
-1.387903738594685,4.324121509153633,0.0
2.92857935750329,2.0973998363529747,1.0
1.8179013426201314,4.054328747287441,0.0
2.754403675151572,0.5989040593680008,1.0
0.1629058193422922,2.837362999645876,0.0
1.2018517421152985,5.692932643126317,0.0
0.6088464574495493,0.44531338436884516,1.0
2.062885019751036,1.7845283465206978,1.0
2.0254113997965115,0.7794928755713451,1.0
1.8407062774060008,3.561622307041948,0.0
2.900263124433715,0.2220698323078738,1.0
1.2631745665498415,1.9831930516576484,0.0
2.0738948920942333,1.9519886348420146,1.0
2.9553217641969503,2.699905889728484,1.0
1.2553538982922132,0.6775878801175812,1.0
1.1957796343395404,4.696850261428482,0.0
1.451427968636727,-0.25189040331918133,1.0
0.7537930683035747,3.4448674196407185,0.0
1.5435603563991644,4.081112226933236,0.0
1.4571170689163921,-0.6223756252541268,1.0
-0.20288785209119276,5.605215399113151,0.0
1.4446553128235466,6.039666325134103,0.0
1.3953248163305403,1.1106808273678241,1.0
0.16290562811553655,0.7198505162349242,1.0
-0.32241664361659517,5.579862673454578,0.0
1.1429435739190241,4.938818764340496,0.0
1.247440263183806,3.502290442054015,0.0
2.0963497475767574,1.4911295795411759,1.0
3.8771826192932837,0.822013189349514,1.0
1.223081487282816,1.0700027991671257,1.0
0.2922591808092785,5.9633381236382625,0.0
2.0933855216122783,0.318745519994729,1.0
1.8971289023273141,4.622514980391411,0.0
-0.6376277690114565,4.091047047234421,0.0
2.824038165832353,0.47633607261325633,1.0
1.3421188664633532,5.601612594421976,0.0
1.256711783862791,3.3106637165188095,0.0
1.3826855722227012,4.11061062589855,0.0
0.301937417889119,4.335617885722741,0.0
3.040585030372745,1.664583329599136,1.0
3.2766524808920763,0.7048218313939721,1.0
3.640088048781896,1.545631450947825,1.0
1.7547887358474556,0.5426349288825627,1.0
0.7375501782921126,1.4386718798977445,1.0
0.7954801780276077,0.9262841641257197,1.0
1.5976269271433519,1.2694747414354304,1.0
0.9506509239064072,0.8667274026639779,1.0
0.3404240001676141,4.9802206223948895,0.0
2.8325444852008332,0.606622196664911,1.0
0.6107189885604578,5.241879868354036,0.0
2.731256232288554,4.170798905138798,0.0
0.31621375841241217,4.479606280744418,0.0
-0.009240659137655594,2.8319523199848033,0.0
1.1327766165118707,4.535968363648665,0.0
1.0272243555577845,2.509558055958669,0.0
1.0427873009296629,4.606259225188172,0.0
2.5978783049316743,1.6136025533749285,1.0
0.4168438956910858,-0.878724956408639,1.0
1.5877743477750244,0.03517036021320297,1.0
0.7536643975981746,3.3907081094065936,0.0
3.703771531701057,-0.652350529420211,1.0
0.9480878502078401,4.7321191979788075,0.0
2.260354146664732,2.0591974634970542,1.0
1.9949799877937588,1.175744707905881,1.0
2.9143717142184085,0.08803708389782416,1.0
0.6055660753260417,3.358171531892099,0.0
1.0434934373273894,0.9826317969756445,1.0
2.7327296907792897,0.9494840494203584,1.0
0.844361438766528,4.708549139488888,0.0
0.6288194260479318,3.722518850588065,0.0
0.5074058905796994,2.102346041947832,0.0
2.2449701335128736,2.600233812179728,1.0
3.634132715849366,0.10216310988464583,1.0
3.663789677381602,0.336084910334716,1.0
0.5062371958456202,4.087055856872851,0.0
2.4895981611197002,4.856919391655974,0.0
0.12368423137584805,4.3267470830563415,0.0
2.8259405758962215,0.7672239261546095,1.0
1.637790171547844,-0.19983299483230788,1.0
2.0195247878847042,1.233679402599929,1.0
0.6033619920011306,1.2798664477232304,1.0
2.0741896253150727,0.8156295067924527,1.0
1.7907899010343615,4.36271291663002,0.0
1.0097429643634122,-0.1871923995235083,1.0
3.2651176478431827,-0.508441111453074,1.0
2.439590926644123,1.9073755147496512,1.0
0.0372885058687098,5.320808318861634,0.0
0.8614947537756968,4.612538569285003,0.0
0.4734533779039568,6.7162410069921386,0.0
3.473470470133502,2.058465679076988,0.0
1.4300519911821792,2.4740469164438585,0.0
1.6485648355589304,4.711249163689501,0.0
0.11972077031228556,2.7621999277766025,0.0
1.3756744788887338,0.3333457502554479,1.0
2.2705079890724895,-0.10870186174061347,1.0
2.5024796088877093,0.2815425366144576,1.0
0.4305581045287127,2.4192014824689423,0.0
1.7053606407240318,4.4327702382058005,0.0
0.06897171416325287,4.355732723244529,0.0
2.8732451286876834,0.618749384834697,1.0
1.881803624359999,0.3876341201823199,1.0
1.2893377801973964,3.449691588146665,0.0
2.0865350684604476,0.8055515452459809,1.0
0.6671556337747863,4.070320665904697,0.0
3.403303301857597,1.8053624579258356,1.0
2.075929674433608,4.959051058170988,0.0
1.241671524338371,0.37602214996731786,1.0
1.7145751775549476,-0.3655092521472174,1.0
2.247996517932605,1.594102333329376,1.0
1.4426417825579423,0.07483533564365508,1.0
1.5594720268876685,2.114241373680877,1.0
1.6549187064194546,-0.5746592685285528,1.0
0.17684767900339848,4.5445748371903285,0.0
1.5402786136203042,3.0192350294558628,0.0
0.9369872603189995,3.1356938297071926,0.0
0.9162593283159126,-0.3167377230213222,1.0
1.7978557905962909,4.3090799737477505,0.0
3.410710224027296,0.49951553118786174,1.0
2.940455062641805,2.3714284750763417,1.0
1.3280501892278533,4.683022860983977,0.0
1.7889441206555374,4.891046706848216,0.0
1.1312175042434114,4.681949847050563,0.0
1.014668291347733,0.5820605365520786,1.0
3.486835278882169,2.3598778307183563,1.0
2.509049292904953,5.7731460973486755,0.0
1.675650562134312,3.242565040002481,0.0
1.1950050694753591,1.2259649549386922,1.0
1.0549371724791725,2.571649366948647,1.0
0.9519439541475594,3.5657564182427013,0.0
3.6724941311100747,4.229862661167975,0.0
0.9528469735250429,5.382982055560879,0.0
1.2998047950672444,-0.3035378590794524,1.0
1.4711739746379586,1.2327692801339358,1.0
4.022031493367618,0.7014296949943948,1.0
2.0067083459620996,2.2564637143904283,0.0
-0.12366399876203138,0.2680132329977556,1.0
0.4638196459748465,0.9008858763810925,1.0
2.502291678318556,1.003383655405092,1.0
1.912715804377611,4.26869215057872,0.0
-0.24916544028367293,5.148150303849937,0.0
3.921950669764505,1.6551319899993406,1.0
2.4619246088997593,2.0993615156054433,1.0
0.4488278319830452,-0.47538987610399164,1.0
1.0828646320803803,2.243884733160237,1.0
1.6941543866930118,1.506626001592461,1.0
1.9263584960720843,4.152430119150692,0.0
-0.3165868311769535,4.570838196797573,0.0
-0.25035158085012044,5.271233477498625,0.0
0.5539552544212243,4.408501356881675,0.0
0.028781483639615524,4.548230783410022,0.0
1.2414730382015722,-0.5514539507989935,1.0
4.581635761788876,2.6675850481346703,1.0
0.8745728039916234,4.323066711961467,0.0
3.235579029237347,4.2615301757877475,0.0
0.5094245324937325,2.8868812143221305,0.0
-0.12811326088195552,4.355952406709364,0.0
1.5001611023807007,4.392209414493052,0.0
3.359414853410437,5.248266814438804,0.0
4.208387314003461,1.3659685676275286,1.0
2.0452110495638633,2.135670595896377,1.0
-0.939345338794741,1.7786012210189084,1.0
0.2884324675178127,3.0897099243542696,0.0
1.4888276677006587,0.5899723825709351,1.0
1.4424365045805259,3.933544886744047,0.0
1.900231713314552,0.9637239217244294,1.0
2.282613471576359,2.5119132072181642,1.0
0.47823762785419016,6.2333193812653755,0.0
3.070932802974979,1.598705001103034,1.0
1.6573554228420364,1.6802425407799144,1.0
1.6426531605784094,3.843067540059837,0.0
2.352781875387824,0.9416859361132848,1.0
1.6993160283860715,3.4378952806971084,1.0
1.9821478754846806,-0.39971599601880303,1.0
0.622276167293011,2.928836034030371,0.0
0.4801677445639327,4.228982344768049,0.0
1.7303325631123787,0.1863573001951483,1.0
-0.6539282684195495,4.7665695829741646,0.0
2.662379193348924,-0.1505067468875363,1.0
0.9092670949254347,0.9447297545964305,1.0
1.8549140414278906,-0.8163824561110595,1.0
0.6672571094993729,2.6277835211184133,0.0
2.2060857277654717,0.6421928737501674,1.0
3.2005296944521024,1.2441581019446977,1.0
0.5249670414439689,4.5694753024146255,0.0
0.005165508102010441,4.6186045319642135,0.0
1.3357744781175052,4.159220510514654,0.0
1.9065013691991988,0.9936678649077069,1.0
0.12454088129290508,6.12651092757635,0.0
2.0159995303949247,-0.0512691509118266,1.0
1.4201333112919208,4.637461654822657,0.0
1.4531684474687174,4.452236908828468,0.0
1.2156350742596866,-0.47058143540045383,1.0
1.3151742037624397,6.324830888933187,0.0
0.0319015877222012,4.541890475280702,0.0
0.7146246328355943,4.121542543658447,0.0
1.9701519189134722,0.3333626266357764,1.0
2.277730685441485,0.8092881367387819,1.0
1.0257650601965858,4.797624103729346,0.0
2.6777866617378754,0.26647171819107973,1.0
0.8026741799295589,0.3113436347268045,1.0
-0.38229683776647816,2.012588219428217,1.0
2.076554416766869,5.601809299774612,0.0
2.155848730161841,1.4368249340521335,1.0
1.324393935481492,-0.7440395688718473,1.0
2.990330233464963,3.9970215514213856,0.0
0.7349322870933905,3.4255969846383167,0.0
1.4749603534563225,5.351759483416442,0.0
0.5916246554039772,3.859951234293192,0.0
1.8397897369278096,3.499033586810521,0.0
2.55399447974481,0.159731879696707,1.0
2.5606544600102206,1.2569128164513932,1.0
0.9867700992673155,6.089657821354225,0.0
1.8341940028388315,5.444889194105963,0.0
2.7431489126076327,0.9475209265377595,1.0
1.3407513277870007,5.775109283590728,0.0
0.40605054701574583,2.2962257520634726,1.0
-0.17119857386460735,3.8659672827039557,0.0
1.1742373684914624,5.385722545925655,0.0
0.9016021002953455,4.562503767678136,0.0
2.924273864251639,1.0818449246414832,1.0
0.9305661178862602,4.5242949832055634,0.0
-0.6563644476880002,2.736019603139936,0.0
1.3310277716597132,4.920673881841669,0.0
2.496264939312268,6.023376634864585,0.0
1.0508564850900486,3.226688258044395,0.0
2.24671839345679,1.7781748591150475,1.0
1.0721493376871702,-0.0006583114940791335,1.0
0.6011229618852112,3.077591135665371,0.0
1.9932143956345438,2.1568307895487506,1.0
2.164299870898797,4.6207299393732395,0.0
3.6430290451782454,0.25440605814919803,1.0
0.21415556662399693,3.4160071908124547,0.0
0.2799434246854122,4.013390226644523,0.0
2.1238667489135383,0.6253875587928562,1.0
0.44356728656694056,5.39453706188289,0.0
2.9818258223999745,1.4557455405566027,1.0
1.4467032233929769,4.615234399002546,0.0
1.1203136497073731,5.758060834411365,0.0
1.9949050270405393,0.18662306314682564,1.0
0.17064357100712724,3.185475403126758,0.0
0.6642939706302822,3.4634969319690834,0.0
1.3015630552522772,1.0353534858412843,1.0
0.6647175464191224,4.359952669678135,0.0
-0.02394526884306969,2.7590162306707784,0.0
2.2542570158380655,2.886395578533328,1.0
1.0132758004566447,5.071689735181094,0.0
1.3786117197240442,3.618977236508077,0.0
1.6747272276538312,4.30755821653466,0.0
1.9171876931216083,4.708991407771278,0.0
1.7636255350810335,-0.8433591484209646,1.0
0.04611357602217381,4.125198235361061,0.0
0.323861496159475,3.912833952260789,0.0
3.7410598240921815,-0.750382546428243,1.0
3.6868649489651495,1.2754228296686547,1.0
1.2518707525305515,5.738836714237545,0.0
2.0267386515984613,0.5729333948549769,1.0
0.24712359493462643,1.3089979028355454,1.0
1.7489649156488767,2.6421890363338263,0.0
2.8731293526178736,1.1358638519599755,1.0
0.218399218121329,4.253703233163568,0.0
-0.4296928377214042,3.71372968157885,0.0
0.4334086025297773,4.719837373709815,0.0
2.5681039790256346,0.5713451977796187,1.0
0.4437801593374273,4.948842600908267,0.0
2.5575957615076574,0.03539666018470011,1.0
1.7965918758079167,5.6637358691278745,0.0
2.5918640419997017,1.3023591155522372,1.0
-0.6255659704260419,3.41660638560335,0.0
-0.5261264908352177,2.5261203727146837,0.0
0.24722541975179935,4.500344728177175,0.0
0.27134872603905014,4.983762171693492,0.0
0.6283579292203425,4.46013629655237,0.0
1.9348608827684681,-0.5816523200253167,1.0
2.3943267773753085,0.30803161798690704,1.0
0.3198064035749636,1.4692328221736877,0.0
0.9651244667046538,4.3152862273184525,0.0
0.39992348312320014,1.0513081207536032,1.0
2.0771248796527493,0.9402027339677276,1.0
2.843829038973065,5.209831985723775,0.0
1.9881125115406841,3.6458362826872213,0.0
0.038389847395043364,4.736895280599733,0.0
-0.39448990399656547,5.169440250264243,0.0
2.1871792772202903,-1.0829019311310029,1.0
0.6653839068480234,4.401187493717173,0.0
0.18760082403712885,5.398425702160481,0.0
-1.3123499614680334,4.555271742469927,0.0
0.9973320998885586,4.403241784479102,0.0
2.262254085626788,2.796788929234118,0.0
1.7214765610793137,0.8775345560603993,1.0
2.248481074666574,2.1950057490308277,1.0
-0.03056167375248875,5.985364043715718,0.0
1.211091604495227,6.435940738018834,0.0
0.5626510977867477,3.5563325160076324,0.0
1.0492306635124864,0.07611383433480423,1.0
1.9502878204139245,2.2650786423980955,1.0
1.886448986639087,4.621005542639692,0.0
0.4709117612820851,3.4879957854544186,0.0
1.624171183922121,1.4704150267951528,1.0
1.1356168313702162,3.5405993809526786,1.0
1.2605497493537097,6.046456108104021,0.0
1.5052136969630774,4.549935116133234,0.0
2.1539349752486734,1.0948447151353042,1.0
1.2018787330175988,4.753499427680382,0.0
2.0727831347110963,1.2212894245470556,1.0
1.5263976678767626,1.0713755129249602,1.0
1.3722767912081404,3.210725818717884,0.0
0.7549206892145388,0.09381325590641687,1.0
0.2842202307621039,5.840164381694188,0.0
1.1864049745669258,1.5540544107972392,1.0
2.5681843682606544,-1.6435751477502878,1.0
2.857319260173394,-0.9488683217267362,1.0
0.9405020066862739,6.68453267866814,0.0
1.9980606641351681,3.751246654031661,0.0
2.2702331120589716,0.9948828919408549,1.0
2.2413479166352612,4.515284340180268,0.0
3.315836366475027,0.7972701565365709,1.0
2.8261044818378145,1.1408318753404285,1.0
-0.7300001120785176,6.25456272268018,0.0
0.9089944696235133,2.985391457803656,0.0
2.0820059041075147,1.0811139135195131,1.0
-0.05797276323796963,4.985381845730017,0.0
0.9201370580977379,4.3024022847132946,0.0
1.3590025085587631,4.269545046916436,0.0
2.663423949033519,2.0126259828853392,1.0
-0.7660861192627355,3.0005445733360743,0.0
2.887918260897356,1.224729869058959,1.0
2.160499658492154,0.8060042518375536,1.0
1.1596092778040963,5.974730360237247,0.0
1.705485341321341,2.921135609707911,1.0
0.9457899677967327,0.3501455592585051,1.0
1.871530351436425,5.67875139384138,0.0
1.5750184864379526,1.8337712100476344,1.0
2.3408019266489664,3.6143381428984522,0.0
1.258492215126577,2.4457304613166757,1.0
3.4886200243148697,1.3160616712471294,1.0
2.393492995117993,1.5494449216385529,1.0
1.3011396943426812,5.300905308240149,0.0
0.8858880712695483,5.671384567255103,0.0
2.596041106733268,-0.9204139704456327,1.0
0.7520111442948547,4.00153759699332,0.0
1.1755702754429602,4.253183786486724,0.0
1.919316165869013,1.5641101602588336,0.0
1.5053153168809268,4.726415949157215,0.0
2.340058120567241,0.5882860670545755,1.0
1.2465499894533443,-0.2064603258613249,1.0
1.993629469260663,-0.5350718299961712,1.0
2.1544723839643805,2.4739626325656543,1.0
1.1845450566233553,5.2804263639321025,0.0
2.294413102086665,2.2955599210246724,1.0
-0.48546260971491306,3.620347560659708,0.0
0.4409999140136506,4.329192535833406,0.0
-0.20135888393613577,3.163591026513428,0.0
2.490075479164036,1.4377581204627428,1.0
3.3226791762515346,1.3971618934065964,1.0
1.5057689751288377,-0.20090706761739274,1.0
2.167825052339332,0.24211863045357873,1.0
2.787691531187754,0.5224412591772641,1.0
1.2929059847052686,-0.5492766748178717,1.0
2.7856193118098975,2.002242133509413,1.0
1.4897697150582216,1.3736950433760513,1.0
0.2581029060372595,0.09541048820712605,1.0
-0.6666952149841141,3.897715531188558,0.0
0.7912164075371535,3.4961388398320343,0.0
0.468752476889138,3.251907224896716,0.0
1.2661653411762277,0.8989121157264235,1.0
-0.5741592665369859,4.721106148480225,0.0
2.595390547833372,3.1881307304684756,1.0
0.32397647861147594,3.782598015147279,0.0
2.0685072891004115,0.7757187323376595,1.0
-0.18108518064435852,3.9914950763226966,0.0
1.993524219974977,0.45082740627531565,1.0
2.3012841314333103,4.50911989122635,0.0
1.544341340200615,1.672391979005099,1.0
1.0149006303866832,2.6470722251264363,0.0
0.9759243554078827,0.7834381084877566,1.0
1.433685684767486,3.3391753137146614,0.0
0.5223464680027501,-0.8143065041562845,1.0
1.197564898385984,1.0331183231279173,1.0
0.4707939582819425,1.7421179665425233,1.0
2.4656260406209753,4.825091075724104,0.0
1.13244420643605,-0.5536748382530883,1.0
0.22657973384359842,4.3365960750621015,0.0
2.9766759192434593,1.3584781370867673,1.0
0.6146707977648753,5.368372463576241,0.0
3.1535710621653905,0.759824481341843,1.0
1.5720179789537705,0.9002348423694468,1.0
0.04348103704005679,5.547106711903545,0.0
0.17312869120486674,3.8394496360128985,0.0
-1.1183329926596497,4.427509241681896,0.0
2.89921210502688,5.784302118882814,0.0
2.1304541090405142,4.476291743941256,0.0
1.4297104863236245,1.8898004884564426,1.0
1.4123149680799876,1.047778886944066,1.0
-0.21258917923753384,3.7969709731497026,0.0
-0.04177179674086973,4.225932571507539,0.0
0.6086896313969836,-0.6850219818648522,1.0
0.8423997052238532,1.1814332143212822,1.0
2.3027317209121883,3.3391809032421262,0.0
-0.7796205048912244,4.7547217892543046,0.0
3.540193120132832,-1.2262263581076223,1.0
-1.6065265544234495,3.1498369637963806,0.0
0.6800830421156372,1.3986558921178833,1.0
1.5878265118069717,0.03751027501327364,1.0
1.9057751900260231,4.8860119188463145,0.0
-0.4702646210168928,5.1040852767884175,0.0
-0.5149875141591105,4.743179028712927,0.0
0.377616141623509,3.1878903414879955,0.0
2.11043887621311,1.1966411160569543,1.0
1.0499556490840192,0.9990708066061479,1.0
1.1182232418672746,3.984458910303295,0.0
0.08080351735281943,4.690689825307652,0.0
1.532232758256293,5.19626121477992,0.0
3.574026858396458,-0.2734968015121435,1.0
0.17286041437265398,3.6142375496981893,0.0
1.027845021316384,5.171063956256818,0.0
2.0827772234627138,3.1296800494631145,1.0
2.512577168153689,1.860005404752282,1.0
0.338833052994266,3.9065155131195923,0.0
2.459163542268852,2.8343761223404886,1.0
0.7085365416525287,3.175775995978383,0.0
2.8258613252261315,4.089620671248306,0.0
1.131355505622876,2.309815358236568,1.0
2.569040832963979,4.045214695771619,0.0
2.1550496497061458,4.123862491636039,0.0
0.6115765341548096,4.460491182720754,0.0
2.5356920175506645,-0.07052240396916809,1.0
2.2145179898065805,-1.0608852951986019,1.0
0.10547292936461328,3.7249376626839745,0.0
3.715875081327392,-0.5189398224877038,1.0
0.9188005600811004,3.9125702752743736,0.0
0.303809630770544,3.9442341659078486,0.0
1.2653905838253072,4.716658147894565,0.0
0.4587510360360918,3.32495746808962,0.0
0.9080284732218639,6.017130049097757,0.0
1.3470950798275971,4.445849132635626,0.0
0.522466037494494,4.707051867611637,0.0
0.05715663367655133,4.496541176513606,0.0
-0.18887976223686143,5.2046138144025775,0.0
1.159451761022051,1.4459917904359167,1.0
1.9369634770071547,5.632850173988072,0.0
1.784060181542714,-0.41951112886785746,1.0
1.838866089874946,1.6481682344734572,0.0
2.457893052562913,-0.878224340023892,1.0
2.941759060792494,0.6255319039197287,1.0
2.1601746865183906,1.0315765825534127,1.0
1.3290866850408734,4.1510129039029815,0.0
0.5893992316958485,3.7934945878147612,0.0
1.9126686220989546,3.7781467343464503,0.0
3.0158247458901064,1.123504138540627,1.0
2.1156707630897955,3.0689615070947376,0.0
0.46546494097762203,3.123155143325978,0.0
1.6918297413168266,1.6767148800709284,1.0
1.4145417972426788,-0.2366479337842906,1.0
2.609395099759648,0.22753776221064037,1.0
2.8294281312516945,0.12320469116711097,1.0
1.7784445266589897,2.021568965552376,1.0
3.0930611000301704,2.6929089239984565,0.0
1.153696220800248,3.902006391240128,0.0
2.0101542177395433,0.9767853838674719,1.0
1.666699102929544,5.100459435813061,0.0
2.0052055711413495,4.231500319888385,0.0
3.511075473269721,0.9531558853817396,1.0
2.341280048410996,1.8762309573839797,1.0
1.2194114539512566,-0.04442992893517905,1.0
1.2749631149313385,1.1687764563846517,1.0
0.11504439349179252,6.213852280547424,0.0
2.272447154071158,0.975874841030089,1.0
2.9724890635487338,0.8406207922757487,1.0
2.221131044086415,2.22680494268349,1.0
2.3309340707736523,0.18927860759982973,1.0
4.543709135764006,2.5936331929521064,1.0
1.2626137674387747,4.912631161923841,0.0
0.6901046442077092,2.8447623027582947,1.0
3.7675727427761743,0.1055486393727868,1.0
-0.5645269358981297,4.367049321648722,0.0
2.5114205572599335,0.540084627969339,1.0
1.3353269892909831,0.004089257623745568,1.0
2.8092589884113575,1.9629791520359317,1.0
2.5785292601209546,0.36008029137987496,1.0
0.3183439860096998,5.272669966011441,0.0
2.8197649744664117,0.6292909247285556,1.0
0.6283082226256492,2.9503984693006764,0.0
-0.7049481369479385,3.41481596935294,0.0
2.27951974239856,-0.7810247028907198,1.0
1.7320103674410376,3.7646546906954,0.0
2.3242915946091247,1.4225815235838195,1.0
-0.6561532235214882,4.2366531728338686,0.0
1.8938939851550987,2.69211246516301,1.0
1.9488058676890319,6.437655574652927,0.0
3.5861998724617026,0.9901113954077454,1.0
3.7958969673282086,0.6041786050485594,1.0
1.2000270641820139,2.154883310766931,1.0
2.3075989528173992,0.5068656638569233,1.0
2.886618579417646,1.3856363426009415,1.0
1.642995766828335,0.4942044765171356,1.0
0.3290886466987344,4.776034477536239,0.0
1.8715117911828858,1.7222818795764046,1.0
1.5195819699340147,4.742830285120433,0.0
1.4573852049353304,7.063142441469973,0.0
1.2770839999767558,2.6344386169146476,1.0
2.141444363812998,3.088561673177777,1.0
-0.06590892346955801,-0.9411829438205617,1.0
0.45052899157189086,2.3563784096139306,1.0
2.270820575221563,1.465671019164357,1.0
1.6962538086896606,3.2008811144930203,0.0
0.4972689932494816,0.3906288901725994,1.0
-0.05637302334563454,3.8670389899903825,0.0
2.4860386563785193,0.7477720682047975,1.0
1.4835090296561102,4.187557627061241,0.0
2.301916476685324,1.5056561693443342,1.0
0.37995604009598694,4.2512200311788435,0.0
2.4645222723420948,6.199676503478973,0.0
2.1680054626686154,1.5549313502427142,1.0
1.1713397756978763,2.5222244717427986,0.0
2.0830296530583796,0.4721214471664888,1.0
1.441932518276955,2.7675436411711662,0.0
1.4700118558956836,4.187683388414023,0.0
